{"abl_accuracy": [0.5705912709236145, 0.6618677377700806, 0.6956360340118408, 0.7137143015861511, 0.7297878861427307, 0.7551323175430298, 0.7657760977745056, 0.7749509215354919, 0.7805485725402832, 0.7955282330513, 0.8066275119781494, 0.8121291995048523, 0.819675087928772, 0.8267017602920532, 0.8218706250190735, 0.8438454270362854, 0.8478302359580994, 0.8536352515220642, 0.8671616911888123, 0.8691580891609192, 0.873246431350708, 0.8903343677520752, 0.8956921100616455, 0.896730363368988, 0.9101369976997375, 0.9135866165161133, 0.9237112998962402, 0.9106479287147522, 0.9325668811798096, 0.9361997246742249, 0.9370862245559692, 0.9463889002799988, 0.9431307911872864, 0.9483370780944824, 0.9545573592185974, 0.9578151702880859, 0.9565457701683044, 0.9603864550590515, 0.9617677927017212, 0.9586936235427856], "abl_loss": [1.7294278144836426, 1.1785955429077148, 1.0814166069030762, 1.0049786567687988, 0.9508147239685059, 0.8771180510520935, 0.8323616981506348, 0.7954263091087341, 0.7629565000534058, 0.7168110013008118, 0.6744189858436584, 0.6491950154304504, 0.6124818325042725, 0.5811131000518799, 0.5919080972671509, 0.5226463079452515, 0.5039966702461243, 0.4828979969024658, 0.4355038106441498, 0.4288845360279083, 0.4139275550842285, 0.3563135862350464, 0.3412167429924011, 0.33548974990844727, 0.29090845584869385, 0.2803906202316284, 0.24900208413600922, 0.28737637400627136, 0.22253821790218353, 0.21178413927555084, 0.20968659222126007, 0.18139776587486267, 0.19106638431549072, 0.17491163313388824, 0.15695641934871674, 0.1443077027797699, 0.14624212682247162, 0.13512565195560455, 0.13089407980442047, 0.14396396279335022], "acc_accuracy": [0.598355233669281, 0.6735737323760986, 0.6950451731681824, 0.711957573890686, 0.7234479188919067, 0.7448316812515259, 0.7567850947380066, 0.7672055959701538, 0.7779772877693176, 0.7926698923110962, 0.8064038753509521, 0.8115943074226379, 0.819634735584259, 0.8277719616889954, 0.828003466129303, 0.8452908992767334, 0.8505528569221497, 0.8592885732650757, 0.8701881170272827, 0.8702518939971924, 0.8783246278762817, 0.8915478587150574, 0.8991495966911316, 0.9014094471931458, 0.9111828804016113, 0.9181299805641174, 0.9253880977630615, 0.9108878374099731, 0.9339000582695007, 0.9405838251113892, 0.937748908996582, 0.9471712112426758, 0.9516029357910156, 0.9464447498321533, 0.9553561210632324, 0.9566255807876587, 0.9608175754547119, 0.9632052183151245, 0.9643712639808655, 0.9625104069709778], "acc_loss": [1.6501529216766357, 1.1342324018478394, 1.0513328313827515, 0.9908397793769836, 0.9463531374931335, 0.882659912109375, 0.837398886680603, 0.798674464225769, 0.7638862133026123, 0.7174968719482422, 0.6702795624732971, 0.6413544416427612, 0.6092703938484192, 0.5753446817398071, 0.5678867697715759, 0.5159470438957214, 0.49466097354888916, 0.4608824551105499, 0.42512884736061096, 0.423016220331192, 0.39710214734077454, 0.34975749254226685, 0.3324228525161743, 0.317788302898407, 0.28789013624191284, 0.2676822245121002, 0.24341337382793427, 0.28312045335769653, 0.21757742762565613, 0.20107890665531158, 0.205314502120018, 0.17753320932388306, 0.16506217420101166, 0.17587050795555115, 0.15242891013622284, 0.14698323607444763, 0.13431216776371002, 0.12604664266109467, 0.12159528583288193, 0.12961019575595856], "dat_accuracy": [0.6062123775482178, 0.6769673228263855, 0.7078132629394531, 0.7238789796829224, 0.7387390732765198, 0.7589413523674011, 0.7725716233253479, 0.7819299101829529, 0.7882460951805115, 0.7973248958587646, 0.8116101622581482, 0.8161376714706421, 0.8224217295646667, 0.8301512002944946, 0.8303987979888916, 0.8477262854576111, 0.8539625406265259, 0.8601508736610413, 0.8707231879234314, 0.8700522780418396, 0.8717770576477051, 0.891707718372345, 0.8977042436599731, 0.894374430179596, 0.9085559248924255, 0.91214919090271, 0.9227051138877869, 0.9104404449462891, 0.9306504130363464, 0.9368705749511719, 0.9353536367416382, 0.9452550411224365, 0.9486963748931885, 0.9480017423629761, 0.9538148045539856, 0.958805501461029, 0.9598434567451477, 0.9602108597755432, 0.9644665122032166, 0.9642513394355774], "dat_loss": [1.6357784271240234, 1.1235874891281128, 1.0395150184631348, 0.9723008871078491, 0.9198581576347351, 0.8518375754356384, 0.8028625845909119, 0.7662389874458313, 0.7355126738548279, 0.701028048992157, 0.6495935916900635, 0.628070592880249, 0.5975934863090515, 0.5672245025634766, 0.5601961612701416, 0.5060193538665771, 0.4857652485370636, 0.4591599702835083, 0.42073333263397217, 0.42203113436698914, 0.41803911328315735, 0.3494553864002228, 0.3345094621181488, 0.34367266297340393, 0.29275956749916077, 0.2817932367324829, 0.2485858052968979, 0.2890271842479706, 0.22441256046295166, 0.20802249014377594, 0.2109256386756897, 0.18238329887390137, 0.17165254056453705, 0.17082242667675018, 0.1555911898612976, 0.14046736061573029, 0.1360732614994049, 0.13510984182357788, 0.12304168194532394, 0.12394789606332779], "gen_accuracy": [0.5647462606430054, 0.6628098487854004, 0.674715518951416, 0.6882582306861877, 0.6988383531570435, 0.7287099361419678, 0.742492139339447, 0.7553161382675171, 0.7659999132156372, 0.7785522937774658, 0.7925819754600525, 0.7991377115249634, 0.8109873533248901, 0.8145009279251099, 0.8172635436058044, 0.837401807308197, 0.8434144258499146, 0.8437178730964661, 0.8617559671401978, 0.8605740666389465, 0.86738520860672, 0.8866053223609924, 0.8915480971336365, 0.8950216174125671, 0.9072304964065552, 0.9105761051177979, 0.9211959838867188, 0.9066554307937622, 0.9315608143806458, 0.9358565211296082, 0.9366471171379089, 0.9449833631515503, 0.9437136054039001, 0.9506848454475403, 0.9554036259651184, 0.9604504704475403, 0.9601548314094543, 0.9629257917404175, 0.9657282829284668, 0.9608256816864014], "gen_loss": [1.7555437088012695, 1.1914563179016113, 1.100953459739685, 1.0382182598114014, 0.9958034753799438, 0.9263932108879089, 0.8842526078224182, 0.8391445875167847, 0.802605390548706, 0.7641977667808533, 0.7174443602561951, 0.6852261424064636, 0.6400653123855591, 0.6166064143180847, 0.6029960513114929, 0.5457153916358948, 0.5234566330909729, 0.5102262496948242, 0.45645567774772644, 0.4556853175163269, 0.43178123235702515, 0.37226396799087524, 0.3600824177265167, 0.34204941987991333, 0.3019665777683258, 0.29095202684402466, 0.2571554183959961, 0.2940203547477722, 0.225478857755661, 0.21425719559192657, 0.20994263887405396, 0.1855299472808838, 0.18876521289348602, 0.167644664645195, 0.1546945422887802, 0.13804879784584045, 0.13743740320205688, 0.12874256074428558, 0.12063920497894287, 0.14040403068065643], "loc_accuracy": [0.6035851836204529, 0.6727752685546875, 0.7065198421478271, 0.7209006547927856, 0.7349144816398621, 0.754797101020813, 0.7661517262458801, 0.7779853940010071, 0.7849963307380676, 0.793332576751709, 0.8090869784355164, 0.8102527260780334, 0.8221824169158936, 0.829975426197052, 0.8262947201728821, 0.8443088531494141, 0.8483573198318481, 0.8584979772567749, 0.8676087260246277, 0.8668504357337952, 0.8740289211273193, 0.8901901841163635, 0.8985905647277832, 0.8934563398361206, 0.9082125425338745, 0.9148643612861633, 0.9240069389343262, 0.9129396677017212, 0.9319440722465515, 0.9375652074813843, 0.9387074112892151, 0.9459655284881592, 0.9512834548950195, 0.9471076130867004, 0.9549727439880371, 0.9603783488273621, 0.9622151255607605, 0.9632372260093689, 0.9647063612937927, 0.9632771015167236],