{"abl_accuracy": [0.5750548839569092, 0.6726635694503784, 0.702447235584259, 0.7164291739463806, 0.7367587685585022, 0.7628458738327026, 0.7722600698471069, 0.7843174338340759, 0.7879666686058044, 0.7957280278205872, 0.8035534024238586, 0.8106280565261841, 0.8218550086021423, 0.823020875453949, 0.8315966129302979, 0.8317000865936279, 0.8348146080970764, 0.8551602959632874, 0.8608776926994324, 0.8678565621376038, 0.8694214224815369, 0.8796184659004211, 0.888792872428894, 0.8974568247795105, 0.906599760055542, 0.8996047377586365, 0.9179384112358093, 0.9220906496047974, 0.9192798733711243, 0.9339244961738586, 0.9390347003936768, 0.9386751651763916, 0.9459337592124939, 0.9504371881484985, 0.944680392742157, 0.9345710277557373, 0.9553399682044983, 0.9654248356819153, 0.9681240916252136, 0.9663910269737244], "abl_loss": [1.7022373676300049, 1.1628111600875854, 1.0712567567825317, 0.9951314926147461, 0.9343326687812805, 0.862128496170044, 0.8218899369239807, 0.7734606266021729, 0.7577744126319885, 0.7172625064849854, 0.683796763420105, 0.6488901376724243, 0.6027260422706604, 0.5899358987808228, 0.5560227036476135, 0.548850953578949, 0.5380967259407043, 0.47308865189552307, 0.44813963770866394, 0.4248104989528656, 0.4224216043949127, 0.3841478228569031, 0.3526726961135864, 0.32594001293182373, 0.2984060049057007, 0.32301023602485657, 0.26607799530029297, 0.25349724292755127, 0.2543969750404358, 0.2147735357284546, 0.20033665001392365, 0.20098142325878143, 0.17874212563037872, 0.16340018808841705, 0.18554125726222992, 0.21071921288967133, 0.1508793979883194, 0.12404108047485352, 0.11885366588830948, 0.11993388086557388], "acc_accuracy": [0.6005110740661621, 0.672407865524292, 0.6929532885551453, 0.708595871925354, 0.7269852757453918, 0.7521378993988037, 0.758765459060669, 0.7801333665847778, 0.7844452857971191, 0.795560359954834, 0.801517128944397, 0.8108595609664917, 0.8205055594444275, 0.8232521414756775, 0.8337204456329346, 0.8366509675979614, 0.8431668281555176, 0.8601269125938416, 0.8634008765220642, 0.8751465082168579, 0.877662181854248, 0.8898869752883911, 0.8970096707344055, 0.9045315384864807, 0.9118696451187134, 0.9179063439369202, 0.9217948913574219, 0.9269055128097534, 0.9294127225875854, 0.9362400770187378, 0.943817675113678, 0.9419652819633484, 0.9502936005592346, 0.9551723599433899, 0.9558271765708923, 0.9298520684242249, 0.9622948169708252, 0.9680361151695251, 0.9702480435371399, 0.968052327632904], "acc_loss": [1.6536059379577637, 1.1388694047927856, 1.060011625289917, 0.9957466125488281, 0.9339368343353271, 0.8635944724082947, 0.8377268314361572, 0.77829509973526, 0.7592226266860962, 0.7150182723999023, 0.6845085620880127, 0.6449799537658691, 0.6030884981155396, 0.5846799612045288, 0.5467355251312256, 0.5312007665634155, 0.5113569498062134, 0.4594126045703888, 0.4410533607006073, 0.406358003616333, 0.3985079526901245, 0.3571377098560333, 0.3315868675708771, 0.30748459696769714, 0.2834767997264862, 0.2653617262840271, 0.2542078495025635, 0.23870787024497986, 0.22694382071495056, 0.20475582778453827, 0.1832711100578308, 0.19358335435390472, 0.16590237617492676, 0.15010012686252594, 0.1579866260290146, 0.2399943619966507, 0.13304995000362396, 0.1163380891084671, 0.11262477934360504, 0.11373715847730637], "dat_accuracy": [0.6066275835037231, 0.6802652478218079, 0.7099851369857788, 0.7278316020965576, 0.7452229261398315, 0.7682996392250061, 0.7736495733261108, 0.7884379029273987, 0.7919511795043945, 0.8016448020935059, 0.8109471797943115, 0.8163533210754395, 0.8289535045623779, 0.8315486907958984, 0.8401965498924255, 0.8410428166389465, 0.8488043546676636, 0.8648462891578674, 0.8694295287132263, 0.8745798468589783, 0.883155882358551, 0.89261794090271, 0.8881142735481262, 0.9072065353393555, 0.9136742353439331, 0.918114185333252, 0.9228809475898743, 0.9278714656829834, 0.9332773685455322, 0.937812864780426, 0.9423325061798096, 0.9411903023719788, 0.9511640667915344, 0.9549803733825684, 0.9560505747795105, 0.931432843208313, 0.961712121963501, 0.9669182300567627, 0.9682037830352783, 0.9676289558410645], "dat_loss": [1.6282854080200195, 1.1209110021591187, 1.0283703804016113, 0.9550759196281433, 0.8976767063140869, 0.8345384001731873, 0.8008297085762024, 0.7526983022689819, 0.7350271344184875, 0.6944969296455383, 0.6569287180900574, 0.6299993991851807, 0.5830152034759521, 0.5622179508209229, 0.5294008255004883, 0.5197052359580994, 0.49540475010871887, 0.44379445910453796, 0.42114514112472534, 0.4027172923088074, 0.37874966859817505, 0.3458879888057709, 0.3597821891307831, 0.29830384254455566, 0.27754825353622437, 0.2639717161655426, 0.25530073046684265, 0.23850148916244507, 0.21918664872646332, 0.20455391705036163, 0.19260846078395844, 0.19434115290641785, 0.1664888709783554, 0.15290822088718414, 0.1596429944038391, 0.23420420289039612, 0.13594409823417664, 0.1197684183716774, 0.11901532858610153, 0.11699806153774261], "gen_accuracy": [0.5732183456420898, 0.6682716608047485, 0.6772866249084473, 0.6894398331642151, 0.7091547846794128, 0.7397053837776184, 0.7511957883834839, 0.7673335671424866, 0.7721084952354431, 0.7843573093414307, 0.7941868305206299, 0.7997684478759766, 0.8177585601806641, 0.81673663854599, 0.8301752209663391, 0.8309657573699951, 0.8391106724739075, 0.8587377071380615, 0.8639037609100342, 0.8681516051292419, 0.8759769201278687, 0.8880104422569275, 0.8874915838241577, 0.9033257961273193, 0.910871684551239, 0.9136021137237549, 0.9215792417526245, 0.9215875267982483, 0.9167963266372681, 0.9370625615119934, 0.9417896270751953, 0.9407272934913635, 0.9470914006233215, 0.9530802369117737, 0.9506766200065613, 0.9290614128112793, 0.9590128660202026, 0.9663355946540833, 0.9643467664718628, 0.9591087698936462], "gen_loss": [1.7222198247909546, 1.1762714385986328, 1.0899968147277832, 1.0243924856185913, 0.9686426520347595, 0.8988485336303711, 0.862240731716156, 0.8186105489730835, 0.8018700480461121, 0.7524428963661194, 0.7119105458259583, 0.6848927140235901, 0.6247764229774475, 0.6152405142784119, 0.5706526041030884, 0.5579862594604492, 0.5290098190307617, 0.4711299240589142, 0.44462820887565613, 0.4278404712677002, 0.403043270111084, 0.36401307582855225, 0.36049067974090576, 0.3126596212387085, 0.2902770936489105, 0.27857059240341187, 0.2558028995990753, 0.25877514481544495, 0.2657194435596466, 0.20704172551631927, 0.193938747048378, 0.19736126065254211, 0.17602649331092834, 0.15888576209545135, 0.17639902234077454, 0.23736412823200226, 0.14390067756175995, 0.12304665148258209, 0.1304837167263031, 0.13984087109565735], "loc_accuracy": [0.6076176166534424, 0.6836747527122498, 0.7076376080513, 0.7255640625953674, 0.7440332174301147, 0.7687228918075562, 0.7754061222076416, 0.7883180379867554, 0.786321759223938, 0.8043999075889587, 0.8104682564735413, 0.8142291903495789, 0.8274204134941101, 0.8283864259719849, 0.8382242321968079, 0.8395096063613892, 0.8467200398445129, 0.8613887429237366, 0.8671455383300781, 0.8713057637214661, 0.8760411143302917, 0.887427568435669, 0.8939752578735352, 0.9006108045578003, 0.910807728767395, 0.9113746881484985, 0.922290027141571, 0.922721266746521, 0.9247655272483826, 0.9360164403915405, 0.9427075386047363, 0.9424283504486084, 0.9486085772514343, 0.9521697163581848, 0.9520822763442993, 0.9361680746078491, 0.9606340527534485, 0.9677171111106873, 0.9669820666313171, 0.9689543843269348],